Date,Discount
7-Apr-16,0.01
6-Apr-16,0.01
5-Apr-16,0.01
4-Apr-16,0
1-Apr-16,0
31-Mar-16,-0.02
30-Mar-16,0.03
29-Mar-16,0.03
28-Mar-16,0
24-Mar-16,0
23-Mar-16,0.01
22-Mar-16,0.03
21-Mar-16,0
18-Mar-16,-0.02
17-Mar-16,0
16-Mar-16,0.05
15-Mar-16,0.01
14-Mar-16,-0.01
11-Mar-16,-0.01
10-Mar-16,0.03
9-Mar-16,0
8-Mar-16,-0.01
7-Mar-16,0
4-Mar-16,-0.01
3-Mar-16,0.01
2-Mar-16,-0.02
1-Mar-16,-0.01
29-Feb-16,-0.05
26-Feb-16,-0.01
25-Feb-16,0.02
24-Feb-16,-0.03
23-Feb-16,-0.02
22-Feb-16,-0.01
19-Feb-16,-0.01
18-Feb-16,0.02
17-Feb-16,-0.01
16-Feb-16,0
12-Feb-16,0.01
11-Feb-16,0.01
10-Feb-16,-0.01
9-Feb-16,0.06
8-Feb-16,0.02
5-Feb-16,-0.01
4-Feb-16,0.03
3-Feb-16,0
2-Feb-16,-0.02
1-Feb-16,-0.06
29-Jan-16,-0.1
28-Jan-16,-0.03
27-Jan-16,-0.01
26-Jan-16,-0.01
25-Jan-16,0.07
22-Jan-16,-0.01
21-Jan-16,-0.03
20-Jan-16,0.01
19-Jan-16,0.06
15-Jan-16,-0.03
14-Jan-16,-0.05
13-Jan-16,0.01
12-Jan-16,0
11-Jan-16,-0.03
8-Jan-16,-0.03
7-Jan-16,-0.03
6-Jan-16,0.01
5-Jan-16,0.05
4-Jan-16,0.03
31-Dec-15,-0.04
30-Dec-15,-0.01
29-Dec-15,0
28-Dec-15,-0.01
24-Dec-15,-0.04
23-Dec-15,0.02
22-Dec-15,0.03
21-Dec-15,0.01
18-Dec-15,-0.05
17-Dec-15,-0.01
16-Dec-15,0
15-Dec-15,0.04
14-Dec-15,0.07
11-Dec-15,-0.02
10-Dec-15,-0.01
9-Dec-15,0
8-Dec-15,0.01
7-Dec-15,0.01
4-Dec-15,-0.04
3-Dec-15,0.05
2-Dec-15,0
1-Dec-15,0
30-Nov-15,0.08
27-Nov-15,0.02
25-Nov-15,0.01
24-Nov-15,0.04
23-Nov-15,0
20-Nov-15,0.02
19-Nov-15,0.03
18-Nov-15,0.01
17-Nov-15,0
16-Nov-15,-0.01
13-Nov-15,-0.01
12-Nov-15,0.01
11-Nov-15,0
10-Nov-15,0.06
9-Nov-15,0.02
6-Nov-15,-0.01
5-Nov-15,0.02
4-Nov-15,0.05
3-Nov-15,0
2-Nov-15,0
30-Oct-15,-0.03
29-Oct-15,-0.02
28-Oct-15,-0.01
27-Oct-15,0.03
26-Oct-15,-0.04
23-Oct-15,0.03
22-Oct-15,0.01
21-Oct-15,-0.01
20-Oct-15,0.04
19-Oct-15,0.03
16-Oct-15,-0.03
15-Oct-15,0.02
14-Oct-15,-0.02
13-Oct-15,-0.02
12-Oct-15,-0.03
9-Oct-15,0.01
8-Oct-15,0
7-Oct-15,0
6-Oct-15,0.01
5-Oct-15,0
2-Oct-15,0.03
1-Oct-15,-0.01
30-Sep-15,-0.05
29-Sep-15,-0.07
28-Sep-15,0
25-Sep-15,-0.01
24-Sep-15,0.01
23-Sep-15,0
22-Sep-15,-0.04
21-Sep-15,0.05
18-Sep-15,-0.03
17-Sep-15,0.02
16-Sep-15,0
15-Sep-15,0.01
14-Sep-15,0.02
11-Sep-15,0.01
10-Sep-15,0.03
9-Sep-15,0
8-Sep-15,0.01
4-Sep-15,-0.05
3-Sep-15,-0.05
2-Sep-15,0.02
1-Sep-15,-0.15
31-Aug-15,-0.04
28-Aug-15,-0.02
27-Aug-15,0.05
26-Aug-15,0.04
25-Aug-15,0.03
24-Aug-15,-0.13
21-Aug-15,0.03
20-Aug-15,0
19-Aug-15,0.02
18-Aug-15,-0.01
17-Aug-15,0.03
14-Aug-15,0
13-Aug-15,0.03
12-Aug-15,0.04
11-Aug-15,0.03
10-Aug-15,1.31
7-Aug-15,0.03
6-Aug-15,0
5-Aug-15,0.03
4-Aug-15,0.02
3-Aug-15,0
31-Jul-15,0.06
30-Jul-15,-0.01
29-Jul-15,-0.03
28-Jul-15,0.03
27-Jul-15,0.04
24-Jul-15,0.05
23-Jul-15,0.02
22-Jul-15,0.01
21-Jul-15,-0.02
20-Jul-15,-0.03
17-Jul-15,-0.02
16-Jul-15,0
15-Jul-15,0.03
14-Jul-15,-0.02
13-Jul-15,-0.01
10-Jul-15,0
9-Jul-15,-0.03
8-Jul-15,0
7-Jul-15,0.05
6-Jul-15,0.04
2-Jul-15,-0.06
1-Jul-15,0.01
30-Jun-15,-0.05
29-Jun-15,-0.01
26-Jun-15,0.02
25-Jun-15,-0.02
24-Jun-15,0.01
23-Jun-15,0
22-Jun-15,0.02
19-Jun-15,-0.06
18-Jun-15,0
17-Jun-15,-0.01
16-Jun-15,0.02
15-Jun-15,0.02
12-Jun-15,0
11-Jun-15,0.07
10-Jun-15,-0.05
9-Jun-15,-0.03
8-Jun-15,0.02
5-Jun-15,0.02
4-Jun-15,0.09
3-Jun-15,0.04
2-Jun-15,0
1-Jun-15,0
29-May-15,-0.01
28-May-15,0.02
27-May-15,0
26-May-15,0.01
22-May-15,0.03
21-May-15,0.04
20-May-15,0.01
19-May-15,-0.01
18-May-15,-0.02
15-May-15,0
14-May-15,-0.03
13-May-15,0.02
12-May-15,-0.02
11-May-15,-0.01
8-May-15,-0.01
7-May-15,0.01
6-May-15,0.01
5-May-15,0.01
4-May-15,0
1-May-15,-0.02
30-Apr-15,0
29-Apr-15,-0.01
28-Apr-15,0.03
27-Apr-15,0.01
24-Apr-15,0.01
23-Apr-15,0.01
22-Apr-15,0.01
21-Apr-15,0.03
20-Apr-15,-0.01
17-Apr-15,-0.01
16-Apr-15,0.01
15-Apr-15,-0.02
14-Apr-15,0.03
13-Apr-15,0.01
10-Apr-15,0.01
9-Apr-15,0.01
8-Apr-15,0
7-Apr-15,-0.06
6-Apr-15,0.03
2-Apr-15,-0.02
1-Apr-15,0.03
31-Mar-15,-0.02
30-Mar-15,-0.02
27-Mar-15,-0.02
26-Mar-15,0.02
25-Mar-15,0.01
24-Mar-15,0.02
23-Mar-15,0
20-Mar-15,0.02
19-Mar-15,0.01
18-Mar-15,-0.01
17-Mar-15,0.02
16-Mar-15,0.01
13-Mar-15,-0.01
12-Mar-15,0
11-Mar-15,0.01
10-Mar-15,0.06
9-Mar-15,0.01
6-Mar-15,-0.02
5-Mar-15,0
4-Mar-15,0.01
3-Mar-15,0.02
2-Mar-15,-0.02
27-Feb-15,-0.03
26-Feb-15,0.01
25-Feb-15,-0.02
24-Feb-15,0.03
23-Feb-15,0.01
20-Feb-15,0.01
19-Feb-15,0.03
18-Feb-15,0.01
17-Feb-15,-0.02
13-Feb-15,-0.01
12-Feb-15,-0.03
11-Feb-15,0.01
10-Feb-15,-0.02
9-Feb-15,-0.04
6-Feb-15,0
5-Feb-15,0.01
4-Feb-15,0.02
3-Feb-15,-0.01
2-Feb-15,-0.02
30-Jan-15,0.06
29-Jan-15,0.03
28-Jan-15,0.03
27-Jan-15,0.01
26-Jan-15,-0.01
23-Jan-15,0
22-Jan-15,0
21-Jan-15,0.05
20-Jan-15,0.02
16-Jan-15,-0.07
15-Jan-15,0
14-Jan-15,0.01
13-Jan-15,0.01
12-Jan-15,0.04
9-Jan-15,-0.01
8-Jan-15,0
7-Jan-15,0.02
6-Jan-15,-0.05
5-Jan-15,0.05
2-Jan-15,-0.03
31-Dec-14,0.01
30-Dec-14,-0.01
29-Dec-14,0.05
26-Dec-14,0
24-Dec-14,0.03
23-Dec-14,0
22-Dec-14,0.03
19-Dec-14,-0.02
18-Dec-14,0.01
17-Dec-14,0
16-Dec-14,0.02
15-Dec-14,-0.05
12-Dec-14,0.01
11-Dec-14,0.02
10-Dec-14,0.01
9-Dec-14,-0.02
8-Dec-14,0.03
5-Dec-14,-0.01
4-Dec-14,-0.01
3-Dec-14,0
2-Dec-14,0
1-Dec-14,0.01
28-Nov-14,0.02
26-Nov-14,-0.01
25-Nov-14,0.06
24-Nov-14,0.01
21-Nov-14,0.01
20-Nov-14,0.01
19-Nov-14,0.01
18-Nov-14,0.04
17-Nov-14,0.01
14-Nov-14,0.02
13-Nov-14,0.02
12-Nov-14,-0.02
11-Nov-14,0.04
10-Nov-14,0
7-Nov-14,0.02
6-Nov-14,-0.01
5-Nov-14,0
4-Nov-14,-0.03
3-Nov-14,0
31-Oct-14,-0.05
30-Oct-14,0
29-Oct-14,-0.03
28-Oct-14,-0.04
27-Oct-14,0
24-Oct-14,-0.01
23-Oct-14,-0.03
22-Oct-14,0.03
21-Oct-14,0.01
20-Oct-14,0
17-Oct-14,-0.03
16-Oct-14,0.02
15-Oct-14,0.06
14-Oct-14,0.04
13-Oct-14,0
10-Oct-14,0
9-Oct-14,-0.01
8-Oct-14,-0.06
7-Oct-14,-0.02
6-Oct-14,0
3-Oct-14,-0.03
2-Oct-14,-0.01
1-Oct-14,-0.02
30-Sep-14,0.02
29-Sep-14,0.01
26-Sep-14,-0.03
25-Sep-14,0.02
24-Sep-14,0.03
23-Sep-14,0.02
22-Sep-14,0.02
19-Sep-14,0.02
18-Sep-14,0.02
17-Sep-14,0
16-Sep-14,0.01
15-Sep-14,0.01
12-Sep-14,0.01
11-Sep-14,-0.01
10-Sep-14,0.01
9-Sep-14,0.01
8-Sep-14,-0.02
5-Sep-14,-0.04
4-Sep-14,0.01
3-Sep-14,0
2-Sep-14,-0.02
29-Aug-14,-0.01
28-Aug-14,0.05
27-Aug-14,-0.04
26-Aug-14,0.02
25-Aug-14,0.03
22-Aug-14,0.01
21-Aug-14,-0.01
20-Aug-14,0
19-Aug-14,-0.02
18-Aug-14,-0.02
15-Aug-14,0
14-Aug-14,0.01
13-Aug-14,0.02
12-Aug-14,0.01
11-Aug-14,-0.02
8-Aug-14,-0.01
7-Aug-14,-0.02
6-Aug-14,-0.02
5-Aug-14,-0.02
4-Aug-14,0
1-Aug-14,0
31-Jul-14,0.01
30-Jul-14,0.02
29-Jul-14,0.02
28-Jul-14,-0.01
25-Jul-14,-0.01
24-Jul-14,-0.03
23-Jul-14,0.02
22-Jul-14,-0.03
21-Jul-14,0.03
18-Jul-14,0
17-Jul-14,0
16-Jul-14,-0.03
15-Jul-14,0.03
14-Jul-14,0.01
11-Jul-14,0
10-Jul-14,0.02
9-Jul-14,0
8-Jul-14,0.03
7-Jul-14,0
3-Jul-14,-0.03
2-Jul-14,0.01
1-Jul-14,-0.01
30-Jun-14,-0.02
27-Jun-14,0
26-Jun-14,0.01
25-Jun-14,-0.03
24-Jun-14,0.02
23-Jun-14,-0.02
20-Jun-14,0.01
19-Jun-14,-0.02
18-Jun-14,0
17-Jun-14,0.03
16-Jun-14,-0.02
13-Jun-14,-0.02
12-Jun-14,-0.02
11-Jun-14,0.02
10-Jun-14,0.02
9-Jun-14,-0.01
6-Jun-14,-0.02
5-Jun-14,-0.03
4-Jun-14,-0.02
3-Jun-14,-0.01
2-Jun-14,0
30-May-14,-0.04
29-May-14,0
28-May-14,0.01
27-May-14,0.01
23-May-14,0
22-May-14,0.01
21-May-14,0
20-May-14,-0.02
19-May-14,-0.02
16-May-14,0.02
15-May-14,0.01
14-May-14,-0.01
13-May-14,0.01
12-May-14,-0.02
9-May-14,0.01
8-May-14,0.01
7-May-14,0.01
6-May-14,0.03
5-May-14,-0.01
2-May-14,0
1-May-14,0
30-Apr-14,0.01
29-Apr-14,-0.02
28-Apr-14,0
25-Apr-14,0.02
24-Apr-14,0.02
23-Apr-14,0
22-Apr-14,0
21-Apr-14,-0.02
17-Apr-14,-0.01
16-Apr-14,-0.01
15-Apr-14,0.01
14-Apr-14,-0.02
11-Apr-14,0.01
10-Apr-14,-0.03
9-Apr-14,0.01
8-Apr-14,0.03
7-Apr-14,0
4-Apr-14,0.04
3-Apr-14,-0.02
2-Apr-14,0
1-Apr-14,-0.03
31-Mar-14,0.01
28-Mar-14,-0.02
27-Mar-14,-0.01
26-Mar-14,-0.01
25-Mar-14,0.04
24-Mar-14,-0.01
21-Mar-14,-0.07
20-Mar-14,0.02
19-Mar-14,0.05
18-Mar-14,-0.02
17-Mar-14,-0.02
14-Mar-14,0
13-Mar-14,0.03
12-Mar-14,-0.02
11-Mar-14,0
10-Mar-14,0.02
7-Mar-14,0
6-Mar-14,0.04
5-Mar-14,0
4-Mar-14,-0.02
3-Mar-14,0.01
28-Feb-14,0.03
27-Feb-14,0.05
26-Feb-14,0.01
25-Feb-14,0.01
24-Feb-14,-0.02
21-Feb-14,0.01
20-Feb-14,-0.03
19-Feb-14,-0.03
18-Feb-14,-0.01
14-Feb-14,-0.01
13-Feb-14,-0.04
12-Feb-14,0.01
11-Feb-14,-0.05
10-Feb-14,-0.01
7-Feb-14,-0.03
6-Feb-14,0.02
5-Feb-14,0
4-Feb-14,-0.03
3-Feb-14,0.04
31-Jan-14,-0.03
30-Jan-14,0
29-Jan-14,0
28-Jan-14,-0.03
27-Jan-14,-0.01
24-Jan-14,0
23-Jan-14,0.04
22-Jan-14,0.01
21-Jan-14,-0.01
17-Jan-14,-0.05
16-Jan-14,0
15-Jan-14,0.01
14-Jan-14,-0.01
13-Jan-14,-0.01
10-Jan-14,0.02
9-Jan-14,0.01
8-Jan-14,0
7-Jan-14,-0.05
6-Jan-14,-0.01
3-Jan-14,-0.05
2-Jan-14,0
31-Dec-13,0.01
30-Dec-13,0
27-Dec-13,0.01
26-Dec-13,0.01
24-Dec-13,-0.01
23-Dec-13,0.02
20-Dec-13,0.07
19-Dec-13,-0.01
18-Dec-13,0.04
17-Dec-13,-0.02
16-Dec-13,0
13-Dec-13,0.01
12-Dec-13,0.04
11-Dec-13,-0.03
10-Dec-13,0.01
9-Dec-13,0.03
6-Dec-13,-0.03
5-Dec-13,0.01
4-Dec-13,-0.03
3-Dec-13,-0.03
2-Dec-13,0.02
29-Nov-13,-0.04
27-Nov-13,0.01
26-Nov-13,0.04
25-Nov-13,0.04
22-Nov-13,-0.02
21-Nov-13,-0.01
20-Nov-13,0
19-Nov-13,-0.01
18-Nov-13,0.03
15-Nov-13,0
14-Nov-13,0
13-Nov-13,-0.03
12-Nov-13,0.03
11-Nov-13,-0.03
8-Nov-13,0.01
7-Nov-13,0.04
6-Nov-13,-0.01
5-Nov-13,0
4-Nov-13,0.02
1-Nov-13,-0.01
31-Oct-13,0.03
30-Oct-13,0.02
29-Oct-13,0.04
28-Oct-13,0.03
25-Oct-13,0
24-Oct-13,-0.01
23-Oct-13,0.01
22-Oct-13,0
21-Oct-13,-0.02
18-Oct-13,-0.02
17-Oct-13,-0.04
16-Oct-13,-0.02
15-Oct-13,-0.02
14-Oct-13,0
11-Oct-13,-0.01
10-Oct-13,-0.02
9-Oct-13,0.01
8-Oct-13,0.02
7-Oct-13,-0.01
4-Oct-13,-0.02
3-Oct-13,-0.02
2-Oct-13,-0.05
1-Oct-13,0
30-Sep-13,0.04
27-Sep-13,-0.01
26-Sep-13,0.01
25-Sep-13,0.03
24-Sep-13,0.03
23-Sep-13,0.02
20-Sep-13,0
19-Sep-13,0.01
18-Sep-13,0.01
17-Sep-13,0.02
16-Sep-13,0.01
13-Sep-13,0.01
12-Sep-13,0.04
11-Sep-13,0
10-Sep-13,0.01
9-Sep-13,-0.01
6-Sep-13,0
5-Sep-13,-0.02
4-Sep-13,0.01
3-Sep-13,0
30-Aug-13,-0.08
29-Aug-13,-0.02
28-Aug-13,0.04
27-Aug-13,-0.04
26-Aug-13,-0.01
23-Aug-13,-0.05
22-Aug-13,0
21-Aug-13,0.01
20-Aug-13,0.04
19-Aug-13,-0.07
16-Aug-13,0.01
15-Aug-13,-0.02
14-Aug-13,-0.02
13-Aug-13,0
12-Aug-13,0
9-Aug-13,0.01
8-Aug-13,-0.05
7-Aug-13,0.01
6-Aug-13,0
5-Aug-13,0
2-Aug-13,-0.02
1-Aug-13,-0.02
31-Jul-13,0.03
30-Jul-13,0.02
29-Jul-13,0.05
26-Jul-13,0.01
25-Jul-13,-0.02
24-Jul-13,-0.01
23-Jul-13,0.03
22-Jul-13,0
19-Jul-13,0.02
18-Jul-13,0.01
17-Jul-13,-0.04
16-Jul-13,0
15-Jul-13,0.02
12-Jul-13,-0.14
11-Jul-13,0
10-Jul-13,0
9-Jul-13,-0.02
8-Jul-13,-0.02
5-Jul-13,-0.02
3-Jul-13,-0.03
2-Jul-13,-0.06
1-Jul-13,0.02
28-Jun-13,-0.14
27-Jun-13,0
26-Jun-13,0.01
25-Jun-13,0.02
24-Jun-13,-0.01
21-Jun-13,0.07
20-Jun-13,-0.01
19-Jun-13,0.01
18-Jun-13,0.01
17-Jun-13,0
14-Jun-13,-0.02
13-Jun-13,0.02
12-Jun-13,0
11-Jun-13,0.02
10-Jun-13,0
7-Jun-13,0
6-Jun-13,-0.02
5-Jun-13,-0.05
4-Jun-13,-0.02
3-Jun-13,-0.04
31-May-13,-0.01
30-May-13,0
29-May-13,0.05
28-May-13,-0.02
24-May-13,0.02
23-May-13,0.03
22-May-13,0.01
21-May-13,0
20-May-13,0.02
17-May-13,-0.03
16-May-13,-0.01
15-May-13,-0.03
14-May-13,0.01
13-May-13,-0.01
10-May-13,-0.05
9-May-13,0.03
8-May-13,-0.01
7-May-13,-0.02
6-May-13,0.01
3-May-13,-0.05
2-May-13,-0.03
1-May-13,0.03
30-Apr-13,-0.03
29-Apr-13,-0.01
26-Apr-13,0.03
25-Apr-13,0.04
24-Apr-13,0.02
23-Apr-13,0
22-Apr-13,-0.01
19-Apr-13,-0.04
18-Apr-13,0.03
17-Apr-13,-0.06
16-Apr-13,-0.01
15-Apr-13,-0.05
12-Apr-13,-0.01
11-Apr-13,-0.04
10-Apr-13,-0.01
9-Apr-13,-0.03
8-Apr-13,-0.03
5-Apr-13,-0.01
4-Apr-13,-0.01
3-Apr-13,0.02
2-Apr-13,-0.04
1-Apr-13,0.01
28-Mar-13,-0.1
27-Mar-13,0.01
26-Mar-13,-0.03
25-Mar-13,0.04
22-Mar-13,0.04
21-Mar-13,0.01
20-Mar-13,0.01
19-Mar-13,0.02
18-Mar-13,-0.01
15-Mar-13,0.01
14-Mar-13,-0.02
13-Mar-13,-0.02
12-Mar-13,0.03
11-Mar-13,-0.01
8-Mar-13,-0.04
7-Mar-13,0
6-Mar-13,0
5-Mar-13,0.01
4-Mar-13,0.02
1-Mar-13,0
28-Feb-13,-0.11
27-Feb-13,0
26-Feb-13,0.03
25-Feb-13,-0.01
22-Feb-13,0.02
21-Feb-13,-0.04
20-Feb-13,-0.04
19-Feb-13,-0.04
15-Feb-13,0.01
14-Feb-13,0.01
13-Feb-13,0
12-Feb-13,0.01
11-Feb-13,0
8-Feb-13,-0.04
7-Feb-13,-0.01
6-Feb-13,-0.02
5-Feb-13,-0.02
4-Feb-13,0.02
1-Feb-13,-0.03
31-Jan-13,0.04
30-Jan-13,-0.02
29-Jan-13,0
28-Jan-13,0.09
25-Jan-13,0
24-Jan-13,0
23-Jan-13,0
22-Jan-13,-0.03
18-Jan-13,-0.09
17-Jan-13,-0.03
16-Jan-13,-0.07
15-Jan-13,-0.04
14-Jan-13,0.03
11-Jan-13,0.03
10-Jan-13,0.01
9-Jan-13,-0.01
8-Jan-13,-0.02
7-Jan-13,-0.01
4-Jan-13,-0.02
3-Jan-13,0.02
2-Jan-13,0.03
31-Dec-12,0.03
28-Dec-12,-0.06
27-Dec-12,0
26-Dec-12,-0.01
24-Dec-12,-0.03
21-Dec-12,0.04
20-Dec-12,-0.01
19-Dec-12,0
18-Dec-12,-0.01
17-Dec-12,0.03
14-Dec-12,0.04
13-Dec-12,0.04
12-Dec-12,0.01
11-Dec-12,0.02
10-Dec-12,0.01
7-Dec-12,-0.02
6-Dec-12,-0.02
5-Dec-12,-0.02
4-Dec-12,-0.01
3-Dec-12,0
30-Nov-12,-0.06
29-Nov-12,0.01
28-Nov-12,-0.01
27-Nov-12,0.06
26-Nov-12,0.02
23-Nov-12,-0.01
21-Nov-12,0
20-Nov-12,0.02
19-Nov-12,0.02
16-Nov-12,-0.01
15-Nov-12,-0.03
14-Nov-12,-0.01
13-Nov-12,0.03
12-Nov-12,0
9-Nov-12,-0.04
8-Nov-12,0.01
7-Nov-12,0
6-Nov-12,-0.05
5-Nov-12,0
2-Nov-12,0
1-Nov-12,-0.01
31-Oct-12,-0.07
26-Oct-12,0.01
25-Oct-12,0.01
24-Oct-12,0.02
23-Oct-12,-0.01
22-Oct-12,-0.03
19-Oct-12,-0.05
18-Oct-12,0.03
17-Oct-12,0.01
16-Oct-12,0
15-Oct-12,0
12-Oct-12,-0.04
11-Oct-12,0.04
10-Oct-12,0.01
9-Oct-12,0.02
8-Oct-12,0.02
5-Oct-12,0.02
4-Oct-12,0.05
3-Oct-12,0.01
2-Oct-12,-0.03
1-Oct-12,-0.03
28-Sep-12,-0.07
27-Sep-12,0.03
26-Sep-12,0.04
25-Sep-12,0.07
24-Sep-12,0.04
21-Sep-12,-0.01
20-Sep-12,0.02
19-Sep-12,-0.02
18-Sep-12,0.04
17-Sep-12,0.02
14-Sep-12,0.01
13-Sep-12,0.02
12-Sep-12,0.04
11-Sep-12,-0.03
10-Sep-12,0.04
7-Sep-12,-0.01
6-Sep-12,-0.02
5-Sep-12,0.02
4-Sep-12,-0.03
31-Aug-12,0
30-Aug-12,0.02
29-Aug-12,-0.01
28-Aug-12,0.03
27-Aug-12,0.03
24-Aug-12,-0.02
23-Aug-12,0.04
22-Aug-12,0.02
21-Aug-12,0.04
20-Aug-12,-0.02
17-Aug-12,-0.02
16-Aug-12,0.02
15-Aug-12,-0.02
14-Aug-12,0.02
13-Aug-12,0.03
10-Aug-12,-0.03
9-Aug-12,0.01
8-Aug-12,0.01
7-Aug-12,-0.02
6-Aug-12,0.02
3-Aug-12,0.05
2-Aug-12,5.77
1-Aug-12,-0.05
31-Jul-12,-0.07
30-Jul-12,0
27-Jul-12,-0.02
26-Jul-12,0
25-Jul-12,0.04
24-Jul-12,0.03
23-Jul-12,-0.03
20-Jul-12,0.06
19-Jul-12,-0.03
18-Jul-12,-0.01
17-Jul-12,-0.04
16-Jul-12,-0.02
13-Jul-12,-0.05
12-Jul-12,0.02
11-Jul-12,-0.03
10-Jul-12,-0.03
9-Jul-12,0.01
6-Jul-12,0
5-Jul-12,0.04
3-Jul-12,0.01
2-Jul-12,-0.07
29-Jun-12,0.03
28-Jun-12,-0.07
27-Jun-12,0.02
26-Jun-12,0.03
25-Jun-12,-0.02
22-Jun-12,0.04
21-Jun-12,-0.01
20-Jun-12,0.02
19-Jun-12,0
18-Jun-12,0.04
15-Jun-12,-0.05
14-Jun-12,0
13-Jun-12,0.02
12-Jun-12,-0.01
11-Jun-12,0.03
8-Jun-12,0
7-Jun-12,0
6-Jun-12,-0.01
5-Jun-12,-0.01
4-Jun-12,-0.1
1-Jun-12,-0.05
31-May-12,0.03
30-May-12,0
29-May-12,0.03
25-May-12,-0.02
24-May-12,0.04
23-May-12,0
22-May-12,0.03
21-May-12,0.02
18-May-12,-0.05
17-May-12,-0.01
16-May-12,0.02
15-May-12,-0.01
14-May-12,0.03
11-May-12,-0.02
10-May-12,-0.01
9-May-12,0.06
8-May-12,-0.01
7-May-12,0.01
4-May-12,-0.03
3-May-12,0
2-May-12,0
1-May-12,0.03
30-Apr-12,-0.06
27-Apr-12,0
26-Apr-12,0.03
25-Apr-12,0.02
24-Apr-12,0.04
23-Apr-12,0.01
20-Apr-12,0.01
19-Apr-12,-0.01
18-Apr-12,0.02
17-Apr-12,-0.03
16-Apr-12,-0.02
13-Apr-12,0.03
12-Apr-12,0.01
11-Apr-12,0.01
10-Apr-12,-0.03
9-Apr-12,-0.01
5-Apr-12,-0.03
4-Apr-12,0
3-Apr-12,-0.03
2-Apr-12,-0.03
30-Mar-12,-0.05
29-Mar-12,-0.03
28-Mar-12,-0.01
27-Mar-12,0
26-Mar-12,0.02
23-Mar-12,0.04
22-Mar-12,0.01
21-Mar-12,0.03
20-Mar-12,-0.01
19-Mar-12,0
16-Mar-12,0.01
15-Mar-12,-0.05
14-Mar-12,0.01
13-Mar-12,-0.01
12-Mar-12,0.02
9-Mar-12,0.03
8-Mar-12,0
7-Mar-12,0.03
6-Mar-12,-0.01
5-Mar-12,-0.01
2-Mar-12,-0.01
1-Mar-12,-0.04
29-Feb-12,-0.03
28-Feb-12,0.02
27-Feb-12,0.03
24-Feb-12,0.01
23-Feb-12,0
22-Feb-12,0
21-Feb-12,0
17-Feb-12,0.03
16-Feb-12,0
15-Feb-12,0.01
14-Feb-12,0
13-Feb-12,0
10-Feb-12,-0.01
9-Feb-12,0.02
8-Feb-12,0
7-Feb-12,0
6-Feb-12,-0.04
3-Feb-12,-0.01
2-Feb-12,0.04
1-Feb-12,-0.02
31-Jan-12,-0.03
30-Jan-12,0.02
27-Jan-12,0.04
26-Jan-12,0.01
25-Jan-12,-0.04
24-Jan-12,-0.01
23-Jan-12,-0.01
20-Jan-12,-0.01
19-Jan-12,0.02
18-Jan-12,-0.02
17-Jan-12,-0.03
13-Jan-12,0.05
12-Jan-12,-0.01
11-Jan-12,0.01
10-Jan-12,-0.01
9-Jan-12,-0.03
6-Jan-12,0.04
5-Jan-12,0.02
4-Jan-12,0.02
3-Jan-12,-0.01
30-Dec-11,-0.05
29-Dec-11,-0.02
28-Dec-11,0.09
27-Dec-11,0.05
23-Dec-11,0
22-Dec-11,0.04
21-Dec-11,0
20-Dec-11,-0.02
19-Dec-11,-0.02
16-Dec-11,-0.09
15-Dec-11,0.03
14-Dec-11,-0.01
13-Dec-11,-0.03
12-Dec-11,0.02
9-Dec-11,-0.01
8-Dec-11,0.01
7-Dec-11,0.03
6-Dec-11,-0.02
5-Dec-11,0.02
2-Dec-11,-0.05
1-Dec-11,0.03
30-Nov-11,-0.07
29-Nov-11,0.04
28-Nov-11,0.04
25-Nov-11,-0.28
23-Nov-11,0.04
22-Nov-11,-0.01
21-Nov-11,-0.02
18-Nov-11,0.05
17-Nov-11,0.14
16-Nov-11,0.05
15-Nov-11,0.02
14-Nov-11,0.01
11-Nov-11,0.03
10-Nov-11,0.01
9-Nov-11,0
8-Nov-11,0.03
7-Nov-11,-0.01
4-Nov-11,0
3-Nov-11,-0.01
2-Nov-11,0.05
1-Nov-11,0.05
31-Oct-11,-0.06
28-Oct-11,-0.01
27-Oct-11,0.02
26-Oct-11,0
25-Oct-11,0.03
24-Oct-11,-0.01
21-Oct-11,0.01
20-Oct-11,-0.03
19-Oct-11,0.02
18-Oct-11,-0.04
17-Oct-11,0.03
14-Oct-11,0.03
13-Oct-11,0.02
12-Oct-11,-0.07
11-Oct-11,0.03
10-Oct-11,0.03
7-Oct-11,0.07
6-Oct-11,-0.04
5-Oct-11,0.01
4-Oct-11,-0.07
3-Oct-11,-0.03
30-Sep-11,0.02
29-Sep-11,0
28-Sep-11,0.03
27-Sep-11,0.06
26-Sep-11,-0.02
23-Sep-11,-0.13
22-Sep-11,0.02
21-Sep-11,-0.08
20-Sep-11,0.05
19-Sep-11,0
16-Sep-11,0.01
15-Sep-11,-0.01
14-Sep-11,-0.01
13-Sep-11,-0.05
12-Sep-11,0.01
9-Sep-11,0.01
8-Sep-11,-0.01
7-Sep-11,-0.04
6-Sep-11,0.06
2-Sep-11,-0.01
1-Sep-11,0.06
31-Aug-11,-0.04
30-Aug-11,-0.05
29-Aug-11,-0.03
26-Aug-11,-0.07
25-Aug-11,0.04
24-Aug-11,-0.01
23-Aug-11,-0.08
22-Aug-11,0.05
19-Aug-11,0.02
18-Aug-11,0.16
17-Aug-11,-0.02
16-Aug-11,0.01
15-Aug-11,-0.03
12-Aug-11,0.02
11-Aug-11,-0.17
10-Aug-11,-0.05
9-Aug-11,0.03
8-Aug-11,0.12
5-Aug-11,-0.06
4-Aug-11,0.03
3-Aug-11,0.02
2-Aug-11,0
1-Aug-11,0
29-Jul-11,-0.01
28-Jul-11,0.03
27-Jul-11,0.03
26-Jul-11,0.03
25-Jul-11,0.01
22-Jul-11,-0.01
21-Jul-11,0.03
20-Jul-11,0
19-Jul-11,0
18-Jul-11,0.01
15-Jul-11,0.04
14-Jul-11,0
13-Jul-11,0.02
12-Jul-11,0
11-Jul-11,0
8-Jul-11,0
7-Jul-11,0.03
6-Jul-11,0.01
5-Jul-11,0.01
1-Jul-11,-0.02
30-Jun-11,-0.04
29-Jun-11,0.03
28-Jun-11,0
27-Jun-11,0.02
24-Jun-11,0.03
23-Jun-11,0.04
22-Jun-11,0.03
21-Jun-11,-0.02
20-Jun-11,-0.01
17-Jun-11,0
16-Jun-11,0.01
15-Jun-11,-0.02
14-Jun-11,0.02
13-Jun-11,0.01
10-Jun-11,-0.01
9-Jun-11,0.01
8-Jun-11,0.01
7-Jun-11,0.01
6-Jun-11,0.01
3-Jun-11,0
2-Jun-11,-0.01
1-Jun-11,0
31-May-11,-0.01
27-May-11,0.02
26-May-11,0.04
25-May-11,0
24-May-11,0.01
23-May-11,-0.01
20-May-11,-0.01
19-May-11,-0.01
18-May-11,0
17-May-11,0
16-May-11,0.01
13-May-11,0.01
12-May-11,0.01
11-May-11,0.02
10-May-11,0.01
9-May-11,-0.03
6-May-11,0.01
5-May-11,-0.01
4-May-11,-0.01
2-May-11,0.01
29-Apr-11,0
28-Apr-11,-0.02
27-Apr-11,-0.03
26-Apr-11,0
25-Apr-11,0.02
21-Apr-11,-0.04
20-Apr-11,0.02
19-Apr-11,-0.03
18-Apr-11,-0.01
15-Apr-11,0.02
13-Apr-11,-0.03
12-Apr-11,0
11-Apr-11,-0.02
8-Apr-11,-0.01
7-Apr-11,-0.03
6-Apr-11,0.03
5-Apr-11,-0.02
4-Apr-11,-0.02
1-Apr-11,-0.04
31-Mar-11,0.02
30-Mar-11,-0.02
29-Mar-11,-0.03
28-Mar-11,0.03
25-Mar-11,-0.02
24-Mar-11,0.01
23-Mar-11,-0.02
22-Mar-11,0
21-Mar-11,-0.02
18-Mar-11,-0.03
17-Mar-11,-0.03
16-Mar-11,0.04
15-Mar-11,-0.01
14-Mar-11,-0.02
11-Mar-11,-0.02
10-Mar-11,0
9-Mar-11,-0.01
8-Mar-11,0
7-Mar-11,0.03
4-Mar-11,-0.03
3-Mar-11,0
2-Mar-11,0
1-Mar-11,-0.03
28-Feb-11,0.07
25-Feb-11,0
24-Feb-11,0.02
23-Feb-11,0.02
22-Feb-11,0.03
18-Feb-11,0.01
17-Feb-11,-0.02
15-Feb-11,-0.01
14-Feb-11,-0.01
11-Feb-11,0.02
10-Feb-11,-0.01
9-Feb-11,0.03
8-Feb-11,0
7-Feb-11,-0.02
4-Feb-11,-0.03
3-Feb-11,-0.02
2-Feb-11,-0.01
1-Feb-11,-0.05
31-Jan-11,0.01
28-Jan-11,0
27-Jan-11,0.01
26-Jan-11,-0.02
25-Jan-11,-0.01
24-Jan-11,0
21-Jan-11,0.01
20-Jan-11,0.03
19-Jan-11,0.02
18-Jan-11,0.02
14-Jan-11,-0.04
13-Jan-11,0.02
12-Jan-11,-0.01
11-Jan-11,-0.01
10-Jan-11,0.01
7-Jan-11,-0.02
6-Jan-11,0
5-Jan-11,0.02
4-Jan-11,-0.02
3-Jan-11,-0.05
31-Dec-10,0.08
30-Dec-10,0.04
29-Dec-10,0.03
28-Dec-10,0.03
27-Dec-10,0.01
23-Dec-10,0.01
22-Dec-10,0
21-Dec-10,0.02
20-Dec-10,0.01
17-Dec-10,0.07
16-Dec-10,0
15-Dec-10,0.05
14-Dec-10,-0.01
13-Dec-10,0.01
10-Dec-10,-0.01
9-Dec-10,0
8-Dec-10,-0.04
7-Dec-10,0.01
6-Dec-10,-0.01
3-Dec-10,-0.04
2-Dec-10,-0.01
1-Dec-10,-0.02
30-Nov-10,-0.02
29-Nov-10,-0.01
24-Nov-10,0
23-Nov-10,0
22-Nov-10,0.03
19-Nov-10,-0.01
18-Nov-10,-0.02
17-Nov-10,0.03
16-Nov-10,0.01
15-Nov-10,-0.02
12-Nov-10,0.01
11-Nov-10,0.04
10-Nov-10,-0.04
9-Nov-10,0.02
8-Nov-10,0.01
5-Nov-10,-0.02
4-Nov-10,-0.02
3-Nov-10,0.02
2-Nov-10,-0.02
1-Nov-10,-0.02
29-Oct-10,0.01
28-Oct-10,-0.04
27-Oct-10,0.01
26-Oct-10,0.03
25-Oct-10,0.01
22-Oct-10,-0.03
20-Oct-10,-0.04
19-Oct-10,0.03
18-Oct-10,-0.01
15-Oct-10,0.03
14-Oct-10,0.05
13-Oct-10,-0.01
12-Oct-10,0
11-Oct-10,0.04
8-Oct-10,-0.03
7-Oct-10,0.01
6-Oct-10,-0.03
5-Oct-10,-0.06
4-Oct-10,0.01
1-Oct-10,-0.01
30-Sep-10,-0.02
29-Sep-10,-0.04
28-Sep-10,-0.04
27-Sep-10,0.08
24-Sep-10,-0.04
23-Sep-10,0.02
22-Sep-10,0.03
21-Sep-10,0.05
20-Sep-10,-0.01
17-Sep-10,-0.02
16-Sep-10,0.05
15-Sep-10,0.04
14-Sep-10,0
13-Sep-10,0
10-Sep-10,0.06
9-Sep-10,0.01
8-Sep-10,0.01
7-Sep-10,0.01
3-Sep-10,0
2-Sep-10,-0.01
1-Sep-10,-0.02
31-Aug-10,0.02
30-Aug-10,0
27-Aug-10,-0.01
26-Aug-10,0.08
25-Aug-10,0.01
24-Aug-10,0.01
23-Aug-10,0.01
20-Aug-10,0
19-Aug-10,-0.01
18-Aug-10,-0.01
17-Aug-10,0
16-Aug-10,0.02
13-Aug-10,0.05
12-Aug-10,-0.03
11-Aug-10,0.05
10-Aug-10,0.06
9-Aug-10,-0.03
6-Aug-10,-0.01
5-Aug-10,0.02
4-Aug-10,0.02
3-Aug-10,-0.02
2-Aug-10,-0.02
30-Jul-10,-0.02
29-Jul-10,-0.04
28-Jul-10,0.02
27-Jul-10,-0.02
26-Jul-10,-0.07
23-Jul-10,-0.02
22-Jul-10,-0.06
21-Jul-10,-0.02
20-Jul-10,-0.02
19-Jul-10,0.06
16-Jul-10,0.03
15-Jul-10,-0.06
14-Jul-10,0.01
13-Jul-10,-0.01
12-Jul-10,0.02
9-Jul-10,0
8-Jul-10,0
7-Jul-10,-0.02
6-Jul-10,0
2-Jul-10,-0.08
1-Jul-10,-0.01
30-Jun-10,-0.05
29-Jun-10,0.04
28-Jun-10,-0.02
25-Jun-10,0.18
24-Jun-10,0.04
23-Jun-10,-0.01
22-Jun-10,0.03
21-Jun-10,0.04
18-Jun-10,-0.04
17-Jun-10,0
16-Jun-10,-0.03
15-Jun-10,-0.06
14-Jun-10,0.05
11-Jun-10,0
10-Jun-10,0.03
9-Jun-10,-0.03
8-Jun-10,-0.08
7-Jun-10,0
4-Jun-10,0.06
3-Jun-10,-0.01
2-Jun-10,0.03
1-Jun-10,0.02
28-May-10,0.01
27-May-10,0.05
26-May-10,-0.02
25-May-10,0.06
24-May-10,0
21-May-10,-0.03
20-May-10,0
19-May-10,-0.04
18-May-10,0
17-May-10,-0.05
14-May-10,0.04
13-May-10,-0.04
12-May-10,-0.01
11-May-10,0
10-May-10,-0.04
7-May-10,0
6-May-10,-0.13
5-May-10,0.04
4-May-10,0.03
3-May-10,-0.01
30-Apr-10,0
29-Apr-10,0
28-Apr-10,0.04
27-Apr-10,-0.01
26-Apr-10,0.01
23-Apr-10,-0.05
22-Apr-10,0
21-Apr-10,-0.05
20-Apr-10,0.03
19-Apr-10,-0.02
16-Apr-10,0.02
15-Apr-10,0.02
14-Apr-10,0
13-Apr-10,0.02
12-Apr-10,0
9-Apr-10,0
8-Apr-10,0.02
7-Apr-10,0.03
6-Apr-10,0.02
5-Apr-10,0
1-Apr-10,-0.03
31-Mar-10,-0.01
30-Mar-10,0
29-Mar-10,0
26-Mar-10,-0.01
25-Mar-10,0.05
24-Mar-10,0.03
23-Mar-10,0
22-Mar-10,0.01
19-Mar-10,-0.01
18-Mar-10,-0.02
17-Mar-10,0.01
16-Mar-10,-0.01
15-Mar-10,-0.02
12-Mar-10,-0.02
11-Mar-10,-0.03
10-Mar-10,-0.02
9-Mar-10,0
8-Mar-10,0.01
5-Mar-10,0
4-Mar-10,-0.03
3-Mar-10,0.01
2-Mar-10,-0.03
1-Mar-10,-0.04
26-Feb-10,-0.06
25-Feb-10,0.06
24-Feb-10,-0.04
23-Feb-10,0.01
22-Feb-10,0.01
19-Feb-10,-0.04
18-Feb-10,-0.01
17-Feb-10,0.02
16-Feb-10,-0.02
12-Feb-10,0.2
11-Feb-10,0.02
10-Feb-10,-0.02
9-Feb-10,0
8-Feb-10,0.03
5-Feb-10,-0.02
4-Feb-10,0.01
3-Feb-10,-0.02
2-Feb-10,-0.04
1-Feb-10,-0.02
29-Jan-10,-0.08
28-Jan-10,-0.02
27-Jan-10,-0.02
26-Jan-10,-0.02
25-Jan-10,-0.02
22-Jan-10,-0.04
21-Jan-10,-0.06
20-Jan-10,0
19-Jan-10,-0.03
15-Jan-10,-0.01
14-Jan-10,0
13-Jan-10,0
12-Jan-10,-0.02
11-Jan-10,-0.01
8-Jan-10,0.01
7-Jan-10,-0.03
6-Jan-10,-0.02
5-Jan-10,-0.02
4-Jan-10,0
31-Dec-09,-0.06
30-Dec-09,-0.09
29-Dec-09,-0.01
28-Dec-09,0.01
24-Dec-09,-0.01
23-Dec-09,-0.02
22-Dec-09,0.01
21-Dec-09,0.02
18-Dec-09,0.08
17-Dec-09,0.05
16-Dec-09,0.08
15-Dec-09,0.01
14-Dec-09,-0.01
11-Dec-09,0.06
10-Dec-09,-0.05
9-Dec-09,-0.04
8-Dec-09,0.01
7-Dec-09,0.02
4-Dec-09,-0.02
3-Dec-09,0.02
2-Dec-09,-0.04
1-Dec-09,-0.03
30-Nov-09,0
27-Nov-09,-0.12
25-Nov-09,-0.06
24-Nov-09,0.03
23-Nov-09,-0.05
20-Nov-09,0.04
19-Nov-09,-0.02
18-Nov-09,-0.02
17-Nov-09,0
16-Nov-09,-0.01
13-Nov-09,0.02
12-Nov-09,0.03
11-Nov-09,0.02
10-Nov-09,0.02
9-Nov-09,0.04
6-Nov-09,0.02
5-Nov-09,0
4-Nov-09,0.01
3-Nov-09,-0.02
2-Nov-09,-0.06
30-Oct-09,-0.13
29-Oct-09,-0.11
28-Oct-09,0.03
27-Oct-09,-0.04
26-Oct-09,0.03
23-Oct-09,-0.01
22-Oct-09,-0.07
21-Oct-09,0
20-Oct-09,0.01
19-Oct-09,-0.04
16-Oct-09,0.02
15-Oct-09,-0.11
14-Oct-09,0.03
13-Oct-09,0.1
12-Oct-09,0.03
9-Oct-09,0.01
8-Oct-09,-0.02
7-Oct-09,-0.04
6-Oct-09,0.03
5-Oct-09,-0.03
2-Oct-09,0
1-Oct-09,-0.02
30-Sep-09,-0.14
29-Sep-09,-0.05
28-Sep-09,0.01
25-Sep-09,0.04
24-Sep-09,-0.02
23-Sep-09,0.05
22-Sep-09,-0.04
21-Sep-09,0.01
18-Sep-09,-0.08
17-Sep-09,0.11
16-Sep-09,-0.03
15-Sep-09,-0.01
14-Sep-09,-0.05
11-Sep-09,0.02
10-Sep-09,-0.05
9-Sep-09,-0.02
8-Sep-09,-0.07
4-Sep-09,0.01
3-Sep-09,-0.07
2-Sep-09,-0.04
1-Sep-09,-0.02
31-Aug-09,0.07
28-Aug-09,0.06
27-Aug-09,0
26-Aug-09,0.02
25-Aug-09,0.01
24-Aug-09,0.03
21-Aug-09,-0.03
20-Aug-09,-0.04
19-Aug-09,0.05
18-Aug-09,-0.08
17-Aug-09,-0.02
14-Aug-09,0.07
13-Aug-09,0.04
12-Aug-09,-0.04
11-Aug-09,0
10-Aug-09,0.07
7-Aug-09,-0.03
6-Aug-09,-0.01
5-Aug-09,-0.03
4-Aug-09,-0.01
3-Aug-09,0
31-Jul-09,-0.05
30-Jul-09,-0.11
29-Jul-09,0.02
28-Jul-09,-0.02
27-Jul-09,0.03
24-Jul-09,0.02
23-Jul-09,-0.06
22-Jul-09,0.02
21-Jul-09,0.03
20-Jul-09,-0.08
17-Jul-09,0
16-Jul-09,-0.01
15-Jul-09,-0.04
14-Jul-09,0
13-Jul-09,-0.09
10-Jul-09,-0.07
9-Jul-09,-0.15
8-Jul-09,-0.02
7-Jul-09,-0.05
6-Jul-09,0.01
2-Jul-09,0.15
1-Jul-09,-0.02
29-Jun-09,-0.01
26-Jun-09,-0.13
25-Jun-09,0.02
24-Jun-09,0.04
23-Jun-09,-0.06
22-Jun-09,-0.02
19-Jun-09,-0.12
18-Jun-09,-0.15
17-Jun-09,0.03
16-Jun-09,0
15-Jun-09,0.03
12-Jun-09,0.04
11-Jun-09,-0.07
10-Jun-09,0.01
9-Jun-09,-0.01
8-Jun-09,-0.03
5-Jun-09,0.13
4-Jun-09,-0.09
3-Jun-09,0.09
2-Jun-09,0.03
1-Jun-09,0.13
29-May-09,0.29
28-May-09,-0.12
27-May-09,0.03
26-May-09,-0.05
22-May-09,0.03
21-May-09,0.04
20-May-09,-0.08
19-May-09,0.01
18-May-09,0
15-May-09,0.17
14-May-09,-0.14
13-May-09,0.07
12-May-09,-0.11
11-May-09,0.07
8-May-09,-0.07
7-May-09,-0.08
6-May-09,0.02
5-May-09,-0.02
4-May-09,0.09
1-May-09,0
30-Apr-09,0.02
29-Apr-09,-0.05
28-Apr-09,-0.04
27-Apr-09,0
24-Apr-09,-0.08
23-Apr-09,0.07
21-Apr-09,-0.05
20-Apr-09,0.09
17-Apr-09,0.08
16-Apr-09,-0.07
15-Apr-09,0
14-Apr-09,0.09
13-Apr-09,-0.14
9-Apr-09,0.09
8-Apr-09,-0.08
7-Apr-09,-0.09
6-Apr-09,-0.09
3-Apr-09,-0.02
2-Apr-09,-0.06
1-Apr-09,-0.12
31-Mar-09,-0.34
30-Mar-09,0.04
27-Mar-09,0.04
26-Mar-09,-0.13
25-Mar-09,-0.04
24-Mar-09,0.03
23-Mar-09,0.02
20-Mar-09,-0.12
19-Mar-09,-0.06
18-Mar-09,-0.06
17-Mar-09,-0.09
16-Mar-09,0.04
12-Mar-09,4.15
11-Mar-09,0.19
10-Mar-09,5.86
9-Mar-09,-0.97
6-Mar-09,0.9
5-Mar-09,-3.59
4-Mar-09,1.91
3-Mar-09,-1.42
2-Mar-09,-3.92
27-Feb-09,-2.5
26-Feb-09,-1.57
25-Feb-09,-1.31
24-Feb-09,3.58
23-Feb-09,-3.15
20-Feb-09,-0.99
19-Feb-09,-0.97
18-Feb-09,-1.02
17-Feb-09,-4.65
13-Feb-09,-1.55
12-Feb-09,0.46
11-Feb-09,-0.04
10-Feb-09,0.22
9-Feb-09,-0.04
6-Feb-09,-0.04
5-Feb-09,-0.17
4-Feb-09,0.05
3-Feb-09,-0.21
2-Feb-09,-0.13
30-Jan-09,0.05
29-Jan-09,0.02
28-Jan-09,-0.02
27-Jan-09,-0.18
26-Jan-09,-0.1
23-Jan-09,-0.38
22-Jan-09,-0.1
21-Jan-09,0.09
20-Jan-09,-0.01
16-Jan-09,0.05
15-Jan-09,0.11
14-Jan-09,-0.15
13-Jan-09,-0.07
12-Jan-09,-0.06
9-Jan-09,-0.2
8-Jan-09,-0.08
7-Jan-09,-0.01
6-Jan-09,0.06
5-Jan-09,0.24
2-Jan-09,-0.12
31-Dec-08,-0.3
30-Dec-08,-0.06
29-Dec-08,0.16
26-Dec-08,-0.03
24-Dec-08,-0.11
23-Dec-08,0.03
22-Dec-08,-0.1
19-Dec-08,-0.4
18-Dec-08,0.41
17-Dec-08,0.03
16-Dec-08,0.09
15-Dec-08,0.31
12-Dec-08,0.23
11-Dec-08,0.05
10-Dec-08,-0.17
9-Dec-08,0.07
8-Dec-08,-0.13
4-Dec-08,-0.1
3-Dec-08,-0.13
2-Dec-08,0.03
1-Dec-08,0.08
28-Nov-08,-0.14
26-Nov-08,-0.18
25-Nov-08,-0.13
24-Nov-08,-0.85
21-Nov-08,-0.09
20-Nov-08,0.16
19-Nov-08,0.32
18-Nov-08,-0.16
17-Nov-08,0.11
14-Nov-08,-0.1
13-Nov-08,0.03
12-Nov-08,0.16
11-Nov-08,-0.02
10-Nov-08,0.09
7-Nov-08,-0.1
6-Nov-08,0.11
5-Nov-08,-0.01
4-Nov-08,-0.29
3-Nov-08,-0.02
31-Oct-08,0.28
30-Oct-08,0.1
29-Oct-08,-0.49
28-Oct-08,-0.13
27-Oct-08,-0.21
24-Oct-08,-0.41
23-Oct-08,0.02
22-Oct-08,0.8
21-Oct-08,-0.06
20-Oct-08,-0.12
17-Oct-08,0.11
16-Oct-08,-0.25
15-Oct-08,9.91
14-Oct-08,0.01
13-Oct-08,0.24
10-Oct-08,0.61
9-Oct-08,0.9
8-Oct-08,-0.06
7-Oct-08,0.32
6-Oct-08,0.74
3-Oct-08,0.22
2-Oct-08,0.01
1-Oct-08,-0.11
30-Sep-08,-0.06
29-Sep-08,2.03
26-Sep-08,0.03
25-Sep-08,0.09
24-Sep-08,0.29
23-Sep-08,0.02
22-Sep-08,0.15
19-Sep-08,-0.56
18-Sep-08,-0.56
17-Sep-08,0.21
16-Sep-08,-0.15
15-Sep-08,0.43
12-Sep-08,0.1
11-Sep-08,0.12
10-Sep-08,-0.08
9-Sep-08,0.03
8-Sep-08,0.05
5-Sep-08,0
4-Sep-08,0.03
3-Sep-08,0.03
2-Sep-08,0.03
29-Aug-08,-0.01
28-Aug-08,-0.07
27-Aug-08,-0.05
26-Aug-08,0.37
25-Aug-08,0.12
22-Aug-08,-0.05
21-Aug-08,-0.1
20-Aug-08,-0.01
19-Aug-08,0.1
18-Aug-08,0.23
15-Aug-08,-0.02
14-Aug-08,-0.05
13-Aug-08,0.02
12-Aug-08,0.1
11-Aug-08,-0.06
8-Aug-08,-0.15
7-Aug-08,0.12
6-Aug-08,0.02
5-Aug-08,-0.11
4-Aug-08,0.02
1-Aug-08,0.05
31-Jul-08,0.01
30-Jul-08,0.01
29-Jul-08,-0.08
28-Jul-08,0.1
25-Jul-08,-0.05
24-Jul-08,0.09
23-Jul-08,0.04
22-Jul-08,-0.04
21-Jul-08,0.02
18-Jul-08,-0.19
17-Jul-08,0
16-Jul-08,-0.03
15-Jul-08,-0.05
14-Jul-08,-0.01
11-Jul-08,0.05
10-Jul-08,0.03
9-Jul-08,0.06
8-Jul-08,-0.02
7-Jul-08,-0.06
3-Jul-08,0.090411
2-Jul-08,0.01
1-Jul-08,-0.02
30-Jun-08,-0.05
27-Jun-08,0.08
26-Jun-08,0.03
25-Jun-08,0
24-Jun-08,-0.02
23-Jun-08,0.03
20-Jun-08,0.07
19-Jun-08,-0.07
18-Jun-08,0.1
17-Jun-08,-0.07
16-Jun-08,-0.04
13-Jun-08,-0.06
12-Jun-08,0
11-Jun-08,0
10-Jun-08,-0.15
9-Jun-08,0.08
6-Jun-08,-0.05
5-Jun-08,-0.06
4-Jun-08,-0.04
3-Jun-08,0.01
2-Jun-08,-0.01
30-May-08,-0.08
29-May-08,-0.05
28-May-08,0.04
27-May-08,0.01
23-May-08,0.02
22-May-08,-0.11
21-May-08,-0.01
20-May-08,0.11
19-May-08,-0.01
16-May-08,-0.02
15-May-08,0.02
14-May-08,0.02
13-May-08,0.01
12-May-08,0
9-May-08,0.01
8-May-08,0.02
7-May-08,0.02
6-May-08,0.02
5-May-08,-0.02
2-May-08,0.01
1-May-08,-0.02
30-Apr-08,-0.01
29-Apr-08,0.05
28-Apr-08,0.04
25-Apr-08,-0.01
24-Apr-08,-0.06
23-Apr-08,-0.01
22-Apr-08,0.15
21-Apr-08,0.02
18-Apr-08,-0.03
17-Apr-08,-0.07
16-Apr-08,-0.13
15-Apr-08,0.06
14-Apr-08,0.03
11-Apr-08,-1.93
10-Apr-08,-0.08
9-Apr-08,0.03
8-Apr-08,0.12
7-Apr-08,-0.05
4-Apr-08,0.03
3-Apr-08,-0.02
2-Apr-08,0.02
1-Apr-08,-0.04
31-Mar-08,-0.22
28-Mar-08,0.07
27-Mar-08,0.11
26-Mar-08,-0.03
25-Mar-08,-0.05
24-Mar-08,0.04
20-Mar-08,-0.05
19-Mar-08,-0.02
18-Mar-08,-0.16
17-Mar-08,-0.01
14-Mar-08,2.05
13-Mar-08,-0.06
12-Mar-08,0.05
11-Mar-08,-0.05
10-Mar-08,0.19
7-Mar-08,-0.01
6-Mar-08,0
5-Mar-08,-0.02
4-Mar-08,-0.02
3-Mar-08,0.01
29-Feb-08,0.22
28-Feb-08,-0.04
27-Feb-08,-0.09
26-Feb-08,-0.03
25-Feb-08,-0.06
22-Feb-08,-0.02
21-Feb-08,0.05
20-Feb-08,-0.05
19-Feb-08,0.01
15-Feb-08,-0.04
14-Feb-08,0
13-Feb-08,-0.17
12-Feb-08,0.06
11-Feb-08,-0.1
8-Feb-08,-0.1
7-Feb-08,0.04
6-Feb-08,0.07
5-Feb-08,0.09
4-Feb-08,0.02
1-Feb-08,-0.03
31-Jan-08,-0.37
30-Jan-08,-0.19
29-Jan-08,-0.1
28-Jan-08,-0.02
25-Jan-08,0.06
24-Jan-08,-0.06
23-Jan-08,0
22-Jan-08,0.01
18-Jan-08,0.06
17-Jan-08,-0.03
16-Jan-08,-0.08
15-Jan-08,0.15
14-Jan-08,0.02
11-Jan-08,0.01
10-Jan-08,-0.06
9-Jan-08,-1.03
8-Jan-08,1.35
7-Jan-08,-0.39
4-Jan-08,0.4
3-Jan-08,0.17
2-Jan-08,-0.1
31-Dec-07,0.37
28-Dec-07,-0.07
27-Dec-07,0.47
26-Dec-07,-0.03
24-Dec-07,-0.07
21-Dec-07,-0.08
20-Dec-07,-0.18
19-Dec-07,-0.07
18-Dec-07,-0.13
17-Dec-07,0.27
14-Dec-07,0.23
13-Dec-07,-0.63
12-Dec-07,-0.27
11-Dec-07,0.9
10-Dec-07,-0.25
7-Dec-07,0.12
6-Dec-07,-0.41
5-Dec-07,-0.02
4-Dec-07,-0.01
3-Dec-07,0.02
30-Nov-07,0.02
29-Nov-07,-0.31
28-Nov-07,0.04
27-Nov-07,0.03
26-Nov-07,-0.12
23-Nov-07,-0.11
21-Nov-07,-0.06
20-Nov-07,-0.01
19-Nov-07,-0.02
16-Nov-07,-0.04
15-Nov-07,0.04
14-Nov-07,-0.12
13-Nov-07,-0.05
12-Nov-07,-0.05
9-Nov-07,-0.08
8-Nov-07,0
7-Nov-07,-0.01
6-Nov-07,0.03
5-Nov-07,-0.04
2-Nov-07,0.11
1-Nov-07,-0.03
31-Oct-07,-0.04
30-Oct-07,0.01
29-Oct-07,-0.03
26-Oct-07,0.05
25-Oct-07,0.01
24-Oct-07,0.03
23-Oct-07,0.04
22-Oct-07,0.01
19-Oct-07,0
18-Oct-07,-0.03
17-Oct-07,0.01
16-Oct-07,0
15-Oct-07,0.05
12-Oct-07,-0.03
11-Oct-07,0.02
10-Oct-07,-0.07
9-Oct-07,0.01
8-Oct-07,0.05
5-Oct-07,-0.02
4-Oct-07,0.02
3-Oct-07,0.02
2-Oct-07,-0.03
1-Oct-07,0
28-Sep-07,0.03
27-Sep-07,0.02
26-Sep-07,0
25-Sep-07,0.11
24-Sep-07,0.01
21-Sep-07,-0.05
20-Sep-07,-0.03
19-Sep-07,0
18-Sep-07,0
17-Sep-07,0.01
14-Sep-07,-0.01
13-Sep-07,-0.04
12-Sep-07,0
11-Sep-07,0.01
10-Sep-07,-0.05
7-Sep-07,0.05
6-Sep-07,0.01
5-Sep-07,-0.03
4-Sep-07,-0.05
31-Aug-07,-0.2
30-Aug-07,0.03
29-Aug-07,0
28-Aug-07,0.14
27-Aug-07,0
24-Aug-07,-0.03
23-Aug-07,0.03
22-Aug-07,0.04
21-Aug-07,-0.03
20-Aug-07,-0.09
16-Aug-07,0.57
15-Aug-07,0.06
14-Aug-07,-0.06
13-Aug-07,0.05
10-Aug-07,-0.09
9-Aug-07,0.24
8-Aug-07,-0.01
7-Aug-07,0.03
6-Aug-07,-0.29
3-Aug-07,0
2-Aug-07,-0.04
1-Aug-07,-0.11
31-Jul-07,-0.18
30-Jul-07,-0.04
27-Jul-07,0.02
26-Jul-07,0.08
25-Jul-07,0.02
24-Jul-07,0.06
23-Jul-07,0
20-Jul-07,-0.02
19-Jul-07,0
18-Jul-07,-0.03
17-Jul-07,-0.03
16-Jul-07,-0.01
13-Jul-07,-0.17
12-Jul-07,-0.02
11-Jul-07,0
10-Jul-07,-0.04
9-Jul-07,0
6-Jul-07,0.01
5-Jul-07,-0.06
3-Jul-07,0.01
2-Jul-07,0.01
29-Jun-07,-0.13
28-Jun-07,-0.02
27-Jun-07,-0.02
26-Jun-07,-0.09
25-Jun-07,0.03
22-Jun-07,0.11
21-Jun-07,-0.01
20-Jun-07,0.72
19-Jun-07,0.02
18-Jun-07,0.04
15-Jun-07,0.03
14-Jun-07,0.04
13-Jun-07,0.02
12-Jun-07,0.02
11-Jun-07,0.02
8-Jun-07,-0.1
7-Jun-07,-0.06
6-Jun-07,-0.03
5-Jun-07,0.03
4-Jun-07,-0.02
1-Jun-07,0.06
31-May-07,-0.02
30-May-07,0
29-May-07,0.02
25-May-07,-0.03
24-May-07,0.02
23-May-07,0.02
22-May-07,-0.04
21-May-07,-0.04
18-May-07,-0.01
17-May-07,-0.05
16-May-07,-0.04
15-May-07,0.08
14-May-07,0.03
11-May-07,0.04
10-May-07,0.11
9-May-07,-0.06
8-May-07,0.01
7-May-07,-0.02
4-May-07,0.01
3-May-07,0.02
2-May-07,0.03
1-May-07,-0.02
30-Apr-07,0
27-Apr-07,0.02
26-Apr-07,-0.03
25-Apr-07,-0.05
24-Apr-07,0.09
23-Apr-07,0.08
20-Apr-07,0.06
19-Apr-07,0.02
18-Apr-07,-0.04
17-Apr-07,-0.03
16-Apr-07,-0.05
13-Apr-07,-0.01
12-Apr-07,-0.02
11-Apr-07,-0.02
10-Apr-07,-0.01
9-Apr-07,-0.02
5-Apr-07,0.01
4-Apr-07,-0.08
3-Apr-07,-0.01
2-Apr-07,-0.05
30-Mar-07,0.05
29-Mar-07,0.01
28-Mar-07,0.01
27-Mar-07,0.01
26-Mar-07,-0.06
23-Mar-07,0.01
22-Mar-07,0.02
21-Mar-07,-0.03
20-Mar-07,0
19-Mar-07,-0.02
16-Mar-07,-0.08
15-Mar-07,-0.03
14-Mar-07,0.01
13-Mar-07,-0.01
12-Mar-07,0
9-Mar-07,0.05
8-Mar-07,0
7-Mar-07,-0.05
6-Mar-07,-0.02
5-Mar-07,-0.02
2-Mar-07,-0.03
1-Mar-07,-0.03
28-Feb-07,-0.01
27-Feb-07,-0.1
26-Feb-07,0.02
23-Feb-07,0.05
22-Feb-07,0.01
21-Feb-07,0
20-Feb-07,-0.02
16-Feb-07,0
15-Feb-07,0.01
14-Feb-07,-55.64
13-Feb-07,-0.01
12-Feb-07,0.02
9-Feb-07,0
8-Feb-07,0
7-Feb-07,-0.02
6-Feb-07,-0.01
5-Feb-07,0.09
2-Feb-07,0
1-Feb-07,0.01
31-Jan-07,0.69
30-Jan-07,-0.03
29-Jan-07,-0.01
26-Jan-07,0.04
25-Jan-07,-0.02
24-Jan-07,-0.02
23-Jan-07,0.03
22-Jan-07,0.01
19-Jan-07,0
18-Jan-07,-0.05
17-Jan-07,0.05
16-Jan-07,-0.04
12-Jan-07,0.02
11-Jan-07,0.01
10-Jan-07,0.02
9-Jan-07,-0.02
8-Jan-07,-0.02
5-Jan-07,0.02
4-Jan-07,-0.04
3-Jan-07,-0.08
29-Dec-06,-0.02
28-Dec-06,-0.08
27-Dec-06,0.02
26-Dec-06,0.07
22-Dec-06,0.04
21-Dec-06,0.05
20-Dec-06,-0.01
19-Dec-06,-0.09
18-Dec-06,0
15-Dec-06,0.02
14-Dec-06,-0.03
13-Dec-06,0.04
12-Dec-06,0.03
11-Dec-06,0
8-Dec-06,-0.07
7-Dec-06,0
6-Dec-06,-0.02
5-Dec-06,0
4-Dec-06,-0.02
1-Dec-06,-0.03
30-Nov-06,0.04
29-Nov-06,0.01
28-Nov-06,0
27-Nov-06,-0.02
24-Nov-06,-0.01
22-Nov-06,0.02
21-Nov-06,-0.01
20-Nov-06,0.02
17-Nov-06,0
16-Nov-06,0.06
15-Nov-06,0.09
14-Nov-06,-0.05
13-Nov-06,0
10-Nov-06,-0.01
9-Nov-06,0.05
8-Nov-06,0
7-Nov-06,0.03
6-Nov-06,-0.03
3-Nov-06,0
2-Nov-06,-0.05
1-Nov-06,0.08
31-Oct-06,-0.11
30-Oct-06,-0.01
27-Oct-06,0.07
26-Oct-06,-0.1
25-Oct-06,-0.05
24-Oct-06,0
23-Oct-06,-0.08
20-Oct-06,-0.04
19-Oct-06,-0.03
18-Oct-06,-0.04
17-Oct-06,0.03
16-Oct-06,-0.06
13-Oct-06,0
12-Oct-06,-0.08
11-Oct-06,-0.03
10-Oct-06,-0.01
9-Oct-06,-0.01
6-Oct-06,-0.01
5-Oct-06,-0.02
4-Oct-06,-0.09
3-Oct-06,0.05
2-Oct-06,0.03
29-Sep-06,0.03
28-Sep-06,-0.06
27-Sep-06,0.09
26-Sep-06,-0.02
25-Sep-06,0.01
22-Sep-06,0
21-Sep-06,0.03
20-Sep-06,0.07
19-Sep-06,0.03
18-Sep-06,0.04
15-Sep-06,0.06
14-Sep-06,-0.02
13-Sep-06,-0.02
12-Sep-06,-0.09
11-Sep-06,0.03
8-Sep-06,-0.02
7-Sep-06,0.06
6-Sep-06,-0.01
5-Sep-06,-0.02
1-Sep-06,-0.02
31-Aug-06,-0.03
30-Aug-06,-0.07
29-Aug-06,-0.05
28-Aug-06,0.04
25-Aug-06,0.05
24-Aug-06,-0.02
23-Aug-06,0.02
22-Aug-06,0.01
21-Aug-06,0.11
18-Aug-06,-0.04
17-Aug-06,0
16-Aug-06,-0.05
15-Aug-06,-0.09
14-Aug-06,0.04
11-Aug-06,-0.02
10-Aug-06,0
9-Aug-06,0.03
8-Aug-06,0.05
7-Aug-06,-0.05
4-Aug-06,-0.04
3-Aug-06,-0.04
2-Aug-06,0.02
1-Aug-06,0.01
31-Jul-06,0.01
28-Jul-06,0
27-Jul-06,0.04
26-Jul-06,0.04
25-Jul-06,0
24-Jul-06,-0.01
21-Jul-06,-0.1
20-Jul-06,0.02
19-Jul-06,-0.07
18-Jul-06,-0.06
17-Jul-06,-0.07
14-Jul-06,-0.04
13-Jul-06,0.04
12-Jul-06,0.11
11-Jul-06,-0.09
10-Jul-06,0.02
7-Jul-06,-0.04
6-Jul-06,0.02
5-Jul-06,0.03
3-Jul-06,-0.09
30-Jun-06,0.07
29-Jun-06,-0.01
28-Jun-06,0.13
27-Jun-06,0.02
26-Jun-06,0.04
23-Jun-06,0.05
22-Jun-06,-0.04
21-Jun-06,0.03
20-Jun-06,-0.04
19-Jun-06,-0.08
16-Jun-06,-0.05
15-Jun-06,0.02
14-Jun-06,-0.04
13-Jun-06,-0.06
12-Jun-06,0
9-Jun-06,-0.16
8-Jun-06,-0.15
7-Jun-06,-0.04
6-Jun-06,0
5-Jun-06,0.02
2-Jun-06,-0.01
1-Jun-06,-0.09
31-May-06,0.02
30-May-06,-0.07
26-May-06,-0.03
25-May-06,0.04
24-May-06,-0.04
23-May-06,-0.07
22-May-06,-0.04
19-May-06,0.02
18-May-06,-0.03
17-May-06,0.01
16-May-06,-0.1
15-May-06,-0.03
12-May-06,-0.04
11-May-06,0.06
10-May-06,0.02
9-May-06,-0.07
8-May-06,-0.03
5-May-06,0.02
4-May-06,-0.03
3-May-06,0.03
2-May-06,-0.01
1-May-06,-0.04
28-Apr-06,0.05
27-Apr-06,-0.01
26-Apr-06,-0.04
25-Apr-06,0.07
24-Apr-06,0.02
21-Apr-06,0.01
20-Apr-06,0
19-Apr-06,-0.04
18-Apr-06,-0.01
17-Apr-06,-0.02
13-Apr-06,-0.04
12-Apr-06,0.01
11-Apr-06,-0.02
10-Apr-06,-0.06
7-Apr-06,0.03
6-Apr-06,-0.04
5-Apr-06,-0.05
4-Apr-06,0.03
3-Apr-06,0
31-Mar-06,0.1
30-Mar-06,0.01
29-Mar-06,0
28-Mar-06,0.03
27-Mar-06,0.03
24-Mar-06,0
23-Mar-06,0.02
22-Mar-06,0
21-Mar-06,-0.04
20-Mar-06,0.02
17-Mar-06,-0.03
16-Mar-06,0.03
15-Mar-06,0.06
14-Mar-06,-0.02
13-Mar-06,0.01
10-Mar-06,-0.02
9-Mar-06,-0.03
8-Mar-06,-0.06
7-Mar-06,-0.05
6-Mar-06,0.04
3-Mar-06,-0.03
2-Mar-06,0
1-Mar-06,-0.07
28-Feb-06,-0.05
27-Feb-06,-0.03
24-Feb-06,0
23-Feb-06,0.02
22-Feb-06,-0.07
21-Feb-06,0.04
